product,channel,url,skin_type,acne_prone,tone,undertone,shade,stayed_matte,wear_hours,broke_out,oxidized,would_repurchase,overall,is_sponsored,key_quote
Catrice HD Liquid Coverage,Taylor Wynn,https://www.youtube.com/watch?v=zaCNDzBVTYo,combination,yes,light,neutral,010 Light Beige,mostly,8,not_mentioned,yes,not_mentioned,positive,False,I love how it went on love the coverage the finish of it it's beautiful
Catrice HD Liquid Coverage,Thrift Thick,https://www.youtube.com/watch?v=UaRm5OVwASA,oily,unknown,light,neutral,light beige,no,12,not_mentioned,no,not_mentioned,positive,False,I have gotten oily again here or a bit oily looking however please correct me if I'm wrong but my skin looks fantastic and by my skin I mean this foundation it looks so fresh and beautiful and natural and nice it has been lightweight throughout the day
Catrice HD Liquid Coverage,Ashley Roark,https://www.youtube.com/watch?v=b8anMxwebQU,combination,yes,light,warm,sand beige,mostly,4.5,not_mentioned,no,not_mentioned,positive,False,Performance-wise the way it applies the coverage the way everything with the new one is the exact same as the old one you can't tell from side to side that I have a different foundation on however I will say I am abnormally shiny
Catrice HD Liquid Coverage,Zoey Noel,https://www.youtube.com/watch?v=jLn3uvIq6qQ,dry,unknown,medium,warm,latte macchiato beige 060,mostly,9,not_mentioned,yes,yes,positive,False,For the most part though it held up really well my only dilemma is that i feel like the foundation oxidized throughout the day...other than those two things where it just kind of rubbed off in a few places...it held up really well and it looks really good on the skin still.
Catrice HD Liquid Coverage,Ivory Cherry,https://www.youtube.com/watch?v=s6xxhgt3BGE,oily,yes,unknown,neutral,neutral toffee (046),mostly,10,not_mentioned,not_mentioned,not_mentioned,positive,False,"Overall I really like how the foundation is wearing... it looks pretty good... it looks pretty good, it's holding together pretty well after I blotted it... it looks pretty much perfect in my t-zone... I really like how everything's looking."
Catrice HD Liquid Coverage,StephiRaye,https://www.youtube.com/watch?v=meSyzHS2Qnk,combination,yes,unknown,unknown,40 Warm Beige,mostly,8,no,no,yes,positive,False,this foundation is so good you guys if you want to try it out it's one of the best foundations I've ever tried
Charlotte Tilbury Airbrush Flawless,Kirsty Lo,https://www.youtube.com/watch?v=LmPGfxgYiP0,oily,yes,light,warm,"2W2 Rattan (Estee Lauder), 5.5 (Charlotte Tilbury)",mostly,14,not_mentioned,no,yes,positive,False,i think the charlotte tilbury foundation wins this battle just by a little bit purely because of the coverage it's the coverage that has won this battle for me hands down and i think i've got a new favorite foundation
Charlotte Tilbury Airbrush Flawless,Thrift Thick,https://www.youtube.com/watch?v=rYfJmsxQ25c,oily,yes,medium,neutral,3 neutral,no,6,yes,not_mentioned,not_mentioned,mixed,False,it smells good but my skin doesn't like it I can already tell you I am already starting to see some forehead pimples that I am pretty sure are because of this stupid fragrance in this foundation
Charlotte Tilbury Airbrush Flawless,Nina Ubhi Beauty & Fashion,https://www.youtube.com/watch?v=OxJVcxjrdIA,combination,not_mentioned,medium,neutral,7 Neutral,mostly,3,not_mentioned,no,not_mentioned,positive,True,"I'm really getting this product into the brush... I love it. I just love how it does actually cover everything up, but it's not kind of... I'm really liking this, guys. Like even the spray on the sponge is not much different to the other spray... Honestly, best brow wax ever. Wow, this foundation looks so good. I'm interested to go and see it in daylight... very lightweight. It doesn't feel heavy. It doesn't feel tight."
Charlotte Tilbury Airbrush Flawless,Magdaline Janet,https://www.youtube.com/watch?v=B3eKHUPJNP8,oily,unknown,unknown,neutral,7.5 neutral,mostly,12,not_mentioned,yes,not_mentioned,positive,False,"""at this point this is while i was all nasty and sweaty the foundation looked really really good well put together"""
Charlotte Tilbury Airbrush Flawless,Kirsty Lo,https://www.youtube.com/watch?v=QQQfjFftyNw,combination,yes,medium,olive,"5.5 neutral (Charlotte Tilbury), Stromboli (NARS)",mostly,12,not_mentioned,yes,not_mentioned,positive,False,the winner would definitely be the charlotte tilbury airbrush flawless foundation purely because it controlled my oils all day and night and it gave my skin this beautiful flawless filtered effect on my skin
Charlotte Tilbury Airbrush Flawless,Kirsty Lo,https://www.youtube.com/watch?v=RxiuDiEKZ6o,oily,yes,medium,olive,5.5 neutral (Charlotte Tilbury),mostly,12,no,"yes (Charlotte Tilbury), no (Clinique)",not_mentioned,positive,False,The Clinique Even Better clinical serum Foundation is absolutely beautiful on my skin even after 12 hours of work controlled my oils so so well and the fact that it is a full coverage Foundation it's still very lightweight and comfortable and it's definitely suitable to wear every day.
Clinique Even Better,Thrift Thick,https://www.youtube.com/watch?v=hvF6ifMDBco,oily,unknown,unknown,unknown,CN 18 Cream Whip,mostly,11.5,not_mentioned,no,not_mentioned,mixed,False,this foundation wasn't super great for me but it has its pluses in mind I just pros and cons
Clinique Even Better,Sasha Stockwell,https://www.youtube.com/watch?v=iQrZec45IXE,oily,yes,light,unknown,cn08 linen,mostly,10,no,no,yes,positive,False,"""Overall i'm pretty pleased with this foundation i am pleasantly surprised"""
Clinique Even Better,Kirsty Lo,https://www.youtube.com/watch?v=W20nL_wRClk,oily,unknown,light to medium,warm peach,2w1 Dawn,mostly,6,not_mentioned,yes,not_mentioned,positive,False,Even after six hours look how well the Double Wear has controlled my oils there's hardly any shine on my cheeks
Clinique Even Better,Samantha Schuerman,https://www.youtube.com/watch?v=XUOHG3l0bBw,oily,yes,unknown,unknown,wn48 oat,no,4,not_mentioned,not_mentioned,not_mentioned,mixed,False,when you first put it on you literally look like a million bucks like it's so gorgeous on the skin ... but then for some reason on me it was just not looking good after about four or five hours
Clinique Even Better,Magdaline Janet,https://www.youtube.com/watch?v=qGBOGhpOo80,oily,unknown,medium,warm neutral,56 Cashew,mostly,12,not_mentioned,yes,not_mentioned,mixed,False,I feel like the skin does look nice the foundation is a very very lightweight foundation I think that my skin looks a little bit on the oily side but it's not a like matte or full coverage foundation it's just like a skin hugging loving foundation
Clinique Even Better,Steff’s Beauty Stash,https://www.youtube.com/watch?v=9AMGx9lHWX8,normal oily,unknown,medium,warm,light warm 1,mostly,10,not_mentioned,no,not_mentioned,positive,False,"Overall, I would say this foundation has done a great job at helping me control my oil. Everything looks good. Like the coverage has definitely held up."
CoverGirl Outlast,SariReanna,https://www.youtube.com/watch?v=mejmNwZ8H8Q,combination,yes,light,neutral,910 classic Ivory,yes,11,no,no,not_mentioned,mixed,False,this Foundation is not going anywhere it doesn't transfer it's not wearing off it's just like not budging at all
CoverGirl Outlast,Thrift Thick,https://www.youtube.com/watch?v=jCju-nPRvqY,oily,unknown,light,unknown,810 Classic Ivory,mostly,13,not_mentioned,not_mentioned,yes,positive,False,This truly is almost completely transferred proof... even when I am sweaty and stuff like I'm so in shock every time I touch my face.
CoverGirl Outlast,Jessica Romua ,https://www.youtube.com/watch?v=oS7Qsbo9eNM,oily,not_mentioned,medium,warm,golden tan,mostly,10.5,not_mentioned,yes,not_mentioned,positive,False,I have to say this is a good full coverage foundation because it just left it looking fantastic... I do feel like this foundation does slightly oxidize... it's definitely setting into like this soft matte finish that I'm really really appreciating... by the end of the day for the person that has very oily skin this is what you'll probably be looking like by the end of the day so definitely will get dewy... I would say for the person who is oily skin that's looking for something to be mad or keep them oil free and look completely over you will have to go in and blot.
CoverGirl Outlast,Hailey O,https://www.youtube.com/watch?v=_IrNOWTHzek,oily,unknown,medium,unknown,825,no,10,not_mentioned,not_mentioned,not_mentioned,mixed,False,It gets shiny but it doesn't actually dissolve which is good ... my face is basically dissolving the foundation but it's not doing that yet ... slowly the foundation is sort of wearing away ... it is starting to break down ... it's not looking very nice here
CoverGirl Outlast,Samantha Jane,https://www.youtube.com/watch?v=EwqvtVmcNxI,oily,unknown,tan,neutral,862 natural tan,mostly,12,not_mentioned,no,yes,positive,False,I really love this foundation ... I think this is a really beautiful foundation and I really really like ... I've had this one on for a very long time almost 12 hours now ... did not oxidize ... it's a good shade match ...
CoverGirl Outlast,Samantha Jane,https://www.youtube.com/watch?v=rZMGE8fKLaQ,oily acne prone,yes,tan,unknown,Classic Tan,mostly,12,no,yes,not_mentioned,positive,False,I am so happy with this Foundation... it looks basically exactly the same as when I put it on this morning... it's literally been 12 hours and I think I could honestly wear for another 12 hours and it wouldn't budge
Dior Forever,HotandFlashy,https://www.youtube.com/watch?v=8oxwCTKwRzU,normal,yes,light,neutral,2.5N,mostly,10,not_mentioned,no,yes,positive,False,It's held up perfectly there's hardly anything wrong with this foundation even after 10 hours even after a hot humid day it's still making my pores look reduced it still hasn't settled in a single wrinkle anywhere on my face
Dior Forever,Morgan Turner,https://www.youtube.com/watch?v=GlKpRvO0-3E,dry,yes,unknown,unknown,2N and 2.5 for forever matte,mostly,,no,no,yes,positive,False,I love this Foundation because even though it's matte I don't feel like it's too drying on my skin and I do have a little bit of acne going on around my chin just a couple spots and I'm going to show you how this covers
Dior Forever,Michele Wang,https://www.youtube.com/watch?v=ngPdupsPFxc,dry,unknown,unknown,neutral,1.5N,not_tested,,not_mentioned,not_mentioned,not_mentioned,mixed,False,"I feel like the finish of this foundation is a little bit more natural than glowy, which is very, very interesting... I think this is a nice glow foundation for someone with like normal to oily skin but if you have dry skin and you really like that glow like I do, I don't think you're going to get it."
Dior Forever,Magdaline Janet,https://www.youtube.com/watch?v=U8S5S5hj7Vo,oily,not_mentioned,medium,neutral,4N Neutral,mostly,14,no,yes,yes,positive,False,I really like this foundation I think it worked out very very well on oily skin... it is a very long lasting foundation except for the shade it was my fault I did choose the wrong shade... it didn't break my skin out... I will definitely buy this foundation again.
Dior Forever,Charisse Daily,https://www.youtube.com/watch?v=X0I40-UsGZQ,combination oily,unknown,medium,unknown,shade 3 (darker than skin tone),mostly,9.5,not_mentioned,yes,no,mixed,False,I can really see the radiance on my face especially on my cheekbones...it really oxidized on me...I think it's really oxidizing on my face...the foundation is still intact...I'm giving this Foundation a 2.5 stars out of five stars...the reason I'm only giving this at 2.5 stars is because I'm really missing the radiance...I can't find the ingredients...I wouldn't recommend this for an everyday foundation
Dior Forever,Magdaline Janet,https://www.youtube.com/watch?v=Kt1zlSFCeTk,oily,unknown,tan,neutral,4N,mostly,12,not_mentioned,no,not_mentioned,positive,False,Overall skin was looking pretty good 12 hours later... it just makes your skin look beautiful... I love the blendability you can build it you can wear it all day
Estee Lauder Double Wear,Samantha Jane,https://www.youtube.com/watch?v=quU_tB9VeKU,oily,yes,medium,warm,4W2 (toasty toffee),mostly,11,not_mentioned,no,not_mentioned,positive,False,"I think it looks really, really good. Definitely shiny... but I have incredibly oily skin and I'm going to get shiny no matter what... I don't feel like it wore off at all."
Estee Lauder Double Wear,Kirsty Lo,https://www.youtube.com/watch?v=jmh_56bn5As,oily,yes,medium,warm,3W1 Tawny,mostly,12,not_mentioned,no,yes,positive,False,this double wear side never ever lets me down it is still looking flawless even after 12 13 hours of wear it is still looking very very good it's controlled my oils so well
Estee Lauder Double Wear,KWKosta,https://www.youtube.com/watch?v=ZXdDAd6eHFQ,oily,yes,unknown,neutral,1W1,mostly,10,not_mentioned,no,yes,mixed,False,"""It is quite matte which is good for oily skin but again like I said if it feels so much to the point where it doesn't feel about comfortable I wouldn't recommend it"""
Estee Lauder Double Wear,Risa Does Makeup,https://www.youtube.com/watch?v=I_y7DU41-6E,oily,not_mentioned,light,olive,2.5N,mostly,12,not_mentioned,no,not_mentioned,positive,False,I think that this is a fantastic alternative to Estee Lauder Double Wear foundation.
Estee Lauder Double Wear,Magdaline Janet,https://www.youtube.com/watch?v=KoOFCoUOLnQ,oily,not_mentioned,unknown,neutral,"4W1 Shell Beige (old), 4C3 Soft10 (new, wrong shade but used)",mostly,12,not_mentioned,yes,yes,positive,False,At the end of the day I feel like they're very very similar... if you like a mat a little heavier more coverage the originals your girl it doesn't move but also the new one on a radiant natural glow and it doesn't move this is your girl too.
Estee Lauder Double Wear,MakeupByCheryl,https://www.youtube.com/watch?v=uRvpQZ68Aak,normal leaning dry,unknown,tan,neutral,4N1 Shell Beige,mostly,24,not_mentioned,no,yes,mixed,False,"The new reformulation, although beautiful and actually looks a little bit better on my skin... but for me, this isn't simple. It's not a simple review."
Fenty Pro Filtr Soft Matte,Taylor Wynn,https://www.youtube.com/watch?v=BqvRMpf7s94,combination,not_mentioned,light,unknown,mixed 110 and 120,no,4,not_mentioned,yes,no,negative,False,I would never put this on my face again now that it's been on for what a half hour about
Fenty Pro Filtr Soft Matte,Sasha Stockwell,https://www.youtube.com/watch?v=bBNpfqw4fWI,oily,yes,unknown,unknown,185,mostly,11,not_mentioned,no,yes,positive,False,The makeup obviously is not perfect however I am extremely impressed with this foundation... it feels light on the skin even after 11 hours... the foundation itself stood its ground it still looks pretty good for 11 hours of wear
Fenty Pro Filtr Soft Matte,BiancaReneeToday,https://www.youtube.com/watch?v=uCd9sK1hMXY,oily,not_mentioned,medium,unknown,360,mostly,8,not_mentioned,no,not_mentioned,positive,False,i do like this foundation i would recommend it especially if you have oily skin i like how matte it is it is very buildable
Fenty Pro Filtr Soft Matte,Ndeye Peinda,https://www.youtube.com/watch?v=mnF8QWkr46w,combination,unknown,deep,unknown,480,mostly,6,not_mentioned,no,not_mentioned,positive,False,"The hydrating side looks more natural, it looks more skin like and if you want someone that wants your skin to look like skin then you're definitely to love this."
Fenty Pro Filtr Soft Matte,Miss Mercedes Monaee,https://www.youtube.com/watch?v=ukn94QOtigk,combination oily normal,unknown,medium,neutral,385,mostly,10,not_mentioned,not_mentioned,not_mentioned,positive,False,for the most part both the soft lit and the pro filter are wearing decently I would say overall they both wore pretty well
Fenty Pro Filtr Soft Matte,Simply Kee Samone,https://www.youtube.com/watch?v=I_7cZdn5FSM,acne prone,yes,light,unknown,360,yes,,not_mentioned,not_mentioned,not_mentioned,positive,False,it's definitely giving matte okay okay ... I'm definitely going to give this a 10 out of 10
Fenty Pro Filtr Soft Matte,Brunellesp,https://www.youtube.com/watch?v=lzAHZej6Yu0,oily,unknown,medium,unknown,420,mostly,10,not_mentioned,yes,not_mentioned,mixed,False,so far if you have got fine hairs on your face this will show them up like nobody's business...it dries very matte which is surprisingly nice...but the separation here and that clear discoloration...my pores look massive and I mean huge emphasize...
Fenty Pro Filtr Soft Matte,Charisse Daily,https://www.youtube.com/watch?v=kLZpJpqk55g,combination,unknown,medium,neutral,230,mostly,8,not_mentioned,no,not_mentioned,positive,False,I really love the formulation of this Foundation I love that it gave me that filtered look it really gave me a soft matte finish but it didn't lay flat on my skin it really still gave my skin that bounce so it doesn't look very matte and dry on my face all while controlling my oil
Fenty Pro Filtr Soft Matte,Mae Sitler,https://www.youtube.com/watch?v=_xEH0f1RYik,oily,yes,light,warm,190,no,8,no,no,not_mentioned,positive,True,I just know on its own this isn't enough for me... I need to pair it with a primer definitely a heavier setting powder and a setting spray... for it being on its own in a naturally luminous Foundation it's doing pretty
Fenty Pro Filtr Soft Matte,Samantha Jane,https://www.youtube.com/watch?v=Y7zxSskRMTo,unknown,unknown,unknown,unknown,310,mostly,,not_mentioned,yes,yes,positive,False,I like a sponge I like a hydrating primer under there to smooth things out but I do think it looks very very smooth on the skin considering how matte it is it feels really like almost nothing on the face
Fenty Pro Filtr Soft Matte,Nikkia Joy,https://www.youtube.com/watch?v=M2FO15IbeSg,oily,unknown,medium,warm,294,mostly,6,not_mentioned,yes,not_mentioned,positive,False,Can you believe I nearly bought shade 300 haha I would have been a little Oompa Loompa in that Charlie Chocolate Factory.
Fenty Pro Filtr Soft Matte,Ivory Cherry,https://www.youtube.com/watch?v=OtjrDgGxO5E,oily combination,yes,medium,unknown,300,mostly,10,not_mentioned,no,not_mentioned,mixed,False,I definitely could have added some setting spray to mix the foundation but I just knew that in a couple hours my oils were going to come through and then kind of fix the dry situation and it did
Fenty Pro Filtr Soft Matte,ohheythistoo,https://www.youtube.com/watch?v=mdl5fjUbuCc,oily,yes,unknown,unknown,,mostly,,no,yes,not_mentioned,mixed,False,"If you apply this foundation properly, it just looks like you've got amazing skin... it looks matte but somehow healthy-looking... it dries down quite a bit darker than it is in the bottle... this foundation is one of the best oil controlling foundations I've ever used."
Fenty Pro Filtr Soft Matte,Kirsty Lo,https://www.youtube.com/watch?v=nMiay79ulrQ,oily,yes,unknown,unknown,shade number nine,no,12,not_mentioned,not_mentioned,no,negative,False,because of the blurring complex that's in this skin tint which makes it hydrating that just wasn't right for my oily skin type it just made my oils come through way quicker than it should
Fenty Pro Filtr Soft Matte,Rachel Bronson,https://www.youtube.com/watch?v=oL7W8BcF0yQ,oily,unknown,unknown,unknown,420,mostly,9,not_mentioned,yes,yes,positive,False,the beauty of these fancy products is I did a flashback test so this foundation like past the flashback test and it's just amazing you can wear it at night you don't have to be scared that maybe the flash photography will be crazy
Fenty Pro Filtr Soft Matte,Sam Robinson,https://www.youtube.com/watch?v=5PcUuKyboLU,combination,yes,medium,warm,240,not_tested,,not_mentioned,not_mentioned,not_mentioned,positive,False,"This feels so light on the face. Shade wise, we're looking good. Consistency. We love to see it. Thank you, Fenty."
Fenty Pro Filtr Soft Matte,Kat / kitschsnitch,https://www.youtube.com/watch?v=pHF2bYFrVxI,oily combination,unknown,light,cool,170,mostly,6,not_mentioned,no,not_mentioned,positive,False,I've had this foundation on for 6 hours or just over 6 hours and I really like it... the makeup has not broken down and it's mainly just shiny on my forehead as well... the rest of my face seems quite good around my nose it hasn't really broken down much at all.
Fenty Pro Filtr Soft Matte,KayleighMC,https://www.youtube.com/watch?v=r1cCtMoI-cg,oily/combination,yes,light,unknown,120,mostly,7,not_mentioned,yes,not_mentioned,positive,False,after about seven hours when i first noticed it getting like a little bit oily on my chin and around my nose a little bit on my forehead i think seven hours is a decent amount of time
Fenty Pro Filtr Soft Matte,Tien Le,https://www.youtube.com/watch?v=75-5BklHh3k,oily-combination,not_mentioned,medium,olive,290,mostly,10,not_mentioned,no,yes,positive,False,I give it a thumbs up I really liked it I liked how it performed it lasted all day on me and nothing moved around
Fenty Pro Filtr Soft Matte,Magdaline Janet,https://www.youtube.com/watch?v=tMTMONzFA-c,oily,unknown,medium,neutral,280 and 295,mostly,12,not_mentioned,yes,not_mentioned,positive,False,this is truly a lightweight luminous long wear blurring Foundation literally what the description says is literally what you get in this Foundation
Fenty Pro Filtr Soft Matte,Naseem Larson,https://www.youtube.com/watch?v=aQee2l5EI7E,combination,unknown,light,unknown,190,mostly,12,not_mentioned,no,not_mentioned,positive,False,It is safe to say that I really like this Foundation... even after 12 hours it's giving me solid coverage without any like splotchiness and still looks pretty decent
Giorgio Armani Luminous Silk,Maryam Maquillage,https://www.youtube.com/watch?v=qbv19mg0gfc,acne-prone,yes,medium,neutral olive,6,not_tested,,not_mentioned,not_mentioned,not_mentioned,mixed,False,"It's like looking off and odd. Maybe it's just me, but I feel like this one applies a little bit patchier, or maybe this is just in my head. I don't know. Maybe I don't want to like this reformulated foundation."
Giorgio Armani Luminous Silk,Fab Jennie,https://www.youtube.com/watch?v=-P-fVrcgMK0,combination oily,not_mentioned,medium,red,11.5,mostly,6,no,yes,no,mixed,False,with my combination oily skin it didn't look too greasy it looked dewy after about 6 hours but it didn't look like ridiculously nasty greasy so I was very pleasantly surprised
Giorgio Armani Luminous Silk,Magdaline Janet,https://www.youtube.com/watch?v=kb38_sS3wgI,oily,not_mentioned,unknown,unknown,8,mostly,12,not_mentioned,no,yes,positive,False,this makeup like I have nothing on it is your skin but better with more coverage
Giorgio Armani Luminous Silk,Angelina Serena,https://www.youtube.com/watch?v=oz6f5akF8oM,combination to dry,yes,medium,unknown,7.5,mostly,,not_mentioned,no,not_mentioned,positive,False,It looks really good no matter what skin issues I'm having... it looks so natural and just really natural not overly dewy not overly matte... it's kind of perfect because you know it's always gonna find a way to look good
Giorgio Armani Luminous Silk,j0annepan,https://www.youtube.com/watch?v=pVfqFodV79Y,"combination, sensitive",yes,light to medium,neutral,4.5,mostly,12,no,no,not_mentioned,mixed,False,I like that the product was easy to blend and that it set down to a satin finish... it looks skin like it didn't look like a mask on my face... it stayed mainly around like on my T-zone... it did help to even that out... the glowiness does still show my texture even with a powder... it is a hit or miss and so you do have to be a little bit careful with your application.
Giorgio Armani Luminous Silk,Clare Walch,https://www.youtube.com/watch?v=IftyqeAvTnE,combination,unknown,medium,cool,3.75,mostly,8,not_mentioned,no,not_mentioned,positive,False,"It's been nearly 8 hours that I've had this on, and it's looking pretty good... I actually think it's held up really, really well... It dries down so so well... There's like no transfer."
Hourglass Vanish,Nikkia Joy,https://www.youtube.com/watch?v=Ycymfg3QhAY,oily,yes,medium,unknown,beige,mostly,9,no,no,not_mentioned,positive,False,It is very full coverage but it's very very light on the skin like you wouldn't even know you know that it was a full coverage Foundation you'd feel like you were wearing a lighter coverage Foundation.
Hourglass Vanish,Samantha Jane,https://www.youtube.com/watch?v=oTQC7UDy8gs,oily,not_mentioned,medium,warm,golden tan,mostly,8,not_mentioned,no,yes,positive,False,"I definitely do recommend this foundation, it's my favorite stick foundation that has a good amount of coverage in it."
Hourglass Vanish,Stephanie Marie,https://www.youtube.com/watch?v=MTeQOtB-Z4c,oily combination,not_mentioned,light medium,warm,ivory,no,,not_mentioned,not_mentioned,no,negative,False,I will not be buying a full-size of this foundation and I will tell you why I have oily combination skin....I just don't feel like I look like I'm wearing makeup and I do not stay shine-free long
Hourglass Vanish,Fayy Lenee,https://www.youtube.com/watch?v=y6UPn3sBj58,oily,unknown,unknown,olive,Golden Amber,no,4,not_mentioned,not_mentioned,no,negative,False,after about 4 hours my face looked a hot mess it was separating it was cakey it just looked gross and I was ready to get it off of my face
Hourglass Vanish,Nishitha Vunnam,https://www.youtube.com/watch?v=PyyczxtUEOk,normal,unknown,medium,warm,honey,mostly,7.5,not_mentioned,no,no,negative,False,I feel like there are more cons than pros so I honestly do not think this is the best foundation that I've ever tried and if you come to me and ask me for a good foundation this wouldn't be the first one I would recommend.
Hourglass Vanish,Shuana Fayaz ,https://www.youtube.com/watch?v=TE0fbWl4fQo,oily,unknown,unknown,yellow (warm),Amba,no,13,not_mentioned,no,not_mentioned,mixed,False,it has been there 13 hours and I look like a hot mess I look very shiny ... it looks slightly separated but the rest of my face looks okay ... the color still looks really nice it hasn't oxidized
Huda Beauty FauxFilter,OmabelleTV,https://www.youtube.com/watch?v=WREUGPc9xCg,oily,yes,medium,warm,cinnamon,mostly,10,not_mentioned,no,not_mentioned,positive,False,I've had it on for 10 hours and this is all I could produce when it comes to oil... with this one right here I've had it on for 10 hours and this is all I could produce... if you just go in with a blotting powder... you will think I just applied my makeup right now... I'm very very impressed with this foundation
Huda Beauty FauxFilter,Raval Kaur,https://www.youtube.com/watch?v=r7f-GUuyED8,dry with a little oiliness around nose,unknown,medium,warm,toffee (420G),no,3,not_mentioned,yes,not_mentioned,mixed,True,I also feel like because I've eaten this part of the foundation it's kind of worn off like I think it needs a touch-up
Huda Beauty FauxFilter,Ruby Golani,https://www.youtube.com/watch?v=LaP3w-cbHJg,dry,yes,medium,warm,custard 220 N,not_tested,8,not_mentioned,no,not_mentioned,positive,False,I give this foundation a 10 out of 10 because the coverage on this is amazing... It still looks very very flawless... It hasn't really addressed any new textural issues on my skin...
Huda Beauty FauxFilter,Stephanie Alford,https://www.youtube.com/watch?v=NQhdAF_s4AU,"oily, combination",yes,medium,unknown,,mostly,7,not_mentioned,not_mentioned,yes,positive,False,I definitely would say that I would recommend this foundation do not change your entire makeup routine if you have a primer that you are gung-ho about I definitely would stick with it stick with your normal prepping routine and then add this foundation on top of it
Huda Beauty FauxFilter,BiancaReneeToday,https://www.youtube.com/watch?v=PjSBkFv8kx0,oily,unknown,unknown,neutral,gingerbread 430,mostly,8,not_mentioned,no,yes,positive,False,really not that bad but i'm going to blot ... the concealer really held up the foundation ... this has officially made my top five favorites for sure
Huda Beauty FauxFilter,SilviaMBeauty,https://www.youtube.com/watch?v=pVqPhzNDnPM,combination to oily,unknown,light,neutral to warm,cheesecake,mostly,10,not_mentioned,no,not_mentioned,positive,False,the coverage of this foundation is so nice it's ridiculous it says on the website at its medium and full coverage but it this is definitely full coverage which I prefer a full coverage foundation
IT Cosmetics CC Cream,Pamela Ross,https://www.youtube.com/watch?v=hhJjwNmJFTY,acne prone,yes,tan,unknown,tan,mostly,9,no,no,yes,positive,False,I genuinely genuinely love this Foundation... it literally hasn't creased at all... it still looks really good... it doesn't make me break out more... it does have a really strong SPF... it makes my skin look so much better.
IT Cosmetics CC Cream,Alexa Likes,https://www.youtube.com/watch?v=SgS5XvliaRc,oily combination,yes,medium,unknown,medium,no,7,not_mentioned,not_mentioned,not_mentioned,mixed,False,It has started to cake around the inner fold of my nose... it was honestly too oily and yeah I couldn't walk around like that for sure for sure for sure I would need to blot a hundred percent but this is much better and it still looks like skin...
IT Cosmetics CC Cream,Maryam Maquillage,https://www.youtube.com/watch?v=Gq4SXg3OnlA,oily sensitive,yes,medium,cool,medium tan,no,8,not_mentioned,not_mentioned,yes,mixed,False,this is just too much makeup for me this is just a little bit too full coverage for my preference and although I like the coverage I like how it first looked when I first applied it to my face I can't say that I love it at the end of a day at least at the end of a beach day perhaps if I wore it with some helpers an actual primer an actual powder to set everything in place maybe I would have a different story but as is for the purpose of going to the beach and wearing a little bit more coverage this is just not for me this is a little bit too heavy a little bit too thick and greasy for my oily AF skin that is the bottom line
IT Cosmetics CC Cream,Christine Le,https://www.youtube.com/watch?v=V0rJjQ8lCL8,oily,yes,medium,neutral,neutral medium,mostly,10,not_mentioned,no,not_mentioned,positive,True,I love that my skin just looks really healthy and glowy and I feel like any regular foundation after this amount of time on my oily skin would be breaking up really greasy and oily.
IT Cosmetics CC Cream,Lavinia Rusanda,https://www.youtube.com/watch?v=B4nKsnyyCME,combination,yes,fair,unknown,Fair,mostly,12,yes,no,not_mentioned,mixed,False,"The original CC lasts about 6 to 7 hours looking really good, the Nude Glow held up nicely and stayed hydrated, Illumination also wore well with a nice glow, but the Natural Matte started to peel and crease on me."
IT Cosmetics CC Cream,Ivory Cherry,https://www.youtube.com/watch?v=MZMl6dCsU3o,combination oily,yes,tan,unknown,tan,mostly,10,not_mentioned,no,not_mentioned,positive,False,"As far as oil control at 5 hours, I feel like this foundation is doing amazing, I don't feel shiny at all and it actually looks better now than when I first finished my makeup."
Kosas Revealer,Sam Robinson,https://www.youtube.com/watch?v=z4f9Yfy_V1A,combination,unknown,light,neutral olive,Light Medium Neutral Olive 210,mostly,,not_mentioned,no,not_mentioned,positive,False,"It's giving glass skin, baby. Yes, it is."
Kosas Revealer,Thrift Thick,https://www.youtube.com/watch?v=a9jGAQPSQAo,oily,yes,light,neutral,light neutral 140,no,10,not_mentioned,not_mentioned,no,mixed,False,it has felt good overall a little greasy a little oily in my t-zone but you know i'm gonna hold out hope
Kosas Revealer,Magdaline Janet,https://www.youtube.com/watch?v=caCT4te3cpA,oily,yes,medium,neutral,medium 220 neutral,mostly,12,not_mentioned,yes,yes,positive,False,I love this foundation I think this foundation is great the only thing is that I didn't pick my correct shade so this shade is a little bit too light
Kosas Revealer,Sarah Rose,https://www.youtube.com/watch?v=f4EJEPKUfgU,normal to dry,yes,fair,neutral,very light neutral 110,mostly,11,no,no,not_mentioned,positive,True,i really haven't done a whole lot since the last check-in... i feel like it looks honestly it looks pretty similar to how it looked in my last check-in... i don't feel like i'm looking really any shinier than i was
Kosas Revealer,Tatanisha Sankar,https://www.youtube.com/watch?v=HPZCbLMdmv0,normal to dry,unknown,light,neutral,light medium neutral 200,not_tested,,not_mentioned,not_mentioned,yes,positive,False,My skin looks so glowy and dewy I'm so here for it
Kosas Revealer,Emily's Makeup Bag,https://www.youtube.com/watch?v=wnXJ0dYPoXM,combination,yes,fair,neutral,very light neutral 110,mostly,9,not_mentioned,no,not_mentioned,positive,False,So far I'm really liking how it looks on my skin
L'Oreal Infallible Fresh Wear,Sam Robinson,https://www.youtube.com/watch?v=jpk3BLDG5QM,oily,unknown,medium,neutral to golden/yellow,460 golden beige,mostly,10,no,no,not_mentioned,positive,False,"Happy to report that there is no white cast... Looks good. And the shade hasn't oxidized... I'm looking super smooth, super fresh. Coverage is all still there."
L'Oreal Infallible Fresh Wear,Stephanie Marie,https://www.youtube.com/watch?v=K-oh2oY16jI,combination oily sensitive,unknown,unknown,unknown,4.45 Vanilla,no,24,yes,not_mentioned,no,mixed,False,I like the finish but I do have to check in every 3 or 4 hours and blot because I get some breakthrough shine. I'd probably not repurchase because it doesn't blur as much as I'd like and I have others I reach for more.
L'Oreal Infallible Fresh Wear,Magdaline Janet,https://www.youtube.com/watch?v=M0ENurE5og8,oily,unknown,unknown,unknown,Radiant Sand,mostly,12,not_mentioned,no,not_mentioned,positive,False,i do think the infallible freshware powder foundation worked pretty well for a 12-hour day ... it doesn't look patchy it doesn't look like i'm missing a part of my makeup so that's always nice that means it really warmed up to the skin
L'Oreal Infallible Fresh Wear,Magdaline Janet,https://www.youtube.com/watch?v=uCrr1aVj7cA,oily,unknown,unknown,neutral,,mostly,,not_mentioned,not_mentioned,yes,positive,False,the makeup looks a lot better than what we started off... honestly I really like how this looks
L'Oreal Infallible Fresh Wear,Doctor Anne,https://www.youtube.com/watch?v=7WXkWz60V-Q,combination,yes,unknown,unknown,,no,6,not_mentioned,not_mentioned,not_mentioned,mixed,False,the only skin type i would not recommend this to is very oily ones as my natural oils did start to break it up at around four hour marks
L'Oreal Infallible Fresh Wear,Sasha Stockwell,https://www.youtube.com/watch?v=LLedKaF17i0,oily,yes,fair,cool,405 Porcelain,mostly,10.5,not_mentioned,no,yes,positive,False,for a liquid foundation it feels really light on my skin when they say freshware and it's lightweight and all that they weren't lying
L'Oreal Infallible Fresh Wear,Emily Noel,https://www.youtube.com/watch?v=RUIROYwrtjM,combination,yes,light,cool,Cool Rose 130 (foundation),mostly,,yes,no,not_mentioned,mixed,False,"I haven't been quite so thrilled with my staying power on it... It's very thin... It does feel super lightweight... but I've put it through some stuff, some really hot conditions and I've had some breakdown."
L'Oreal Infallible Fresh Wear,Nikkia Joy,https://www.youtube.com/watch?v=M8-WTOYKlWc,unknown,no,unknown,unknown,220 Sand,mostly,12,not_mentioned,no,not_mentioned,positive,False,I am truly truly truly truly shocked at how good this looks like it just looks heaven on the skin
L'Oreal Infallible Fresh Wear,It'sGlamTime,https://www.youtube.com/watch?v=_BU7m9saDWo,oily,yes,tan,unknown,465 sand,mostly,,not_mentioned,not_mentioned,not_mentioned,mixed,False,It has like a satin soft matte finish it does not feel like I'm wearing any foundation like my skin it feels really really good at which I think links back to that claim that it is breathable...it's already starting to break up right here...it is really picking up the texture of that like really bad...in person I am a cakey bumpy mess all on through here
L'Oreal Infallible Fresh Wear,Taylor Wynn,https://www.youtube.com/watch?v=Q6dFdgg3IMA,dry,not_mentioned,light,warm,400 Pearl,mostly,10,not_mentioned,no,yes,positive,False,After 10 hours of wear it looks friggin incredible still... it looks like makeup that doesn't look like makeup but that's still full coverage and I love the way it's making my skin look.
L'Oreal Infallible Fresh Wear,Magdaline Janet,https://www.youtube.com/watch?v=Ej0sFD1_K0g,oily,unknown,medium,warm,"485 Golden Sun for Fresh Wear, 107 Fresh Beige for Pro Matte",mostly,10,not_mentioned,no,yes,positive,False,"10 hour mark... it's holding up extremely well ... no breakage, no separation on the skin ... both foundations are very good and durable ... if I have to choose one, I'd go with the 24-hour Fresh Wear because it has sunscreen and a great shade range."
L'Oreal Infallible Fresh Wear,Victoriya x,https://www.youtube.com/watch?v=Xgkk4mLN8kw,dry and sensitive,yes,fair,olive,140 golden beige,mostly,11,not_mentioned,no,not_mentioned,positive,False,I really really love the coverage I think it's really nice and it's not clinging to dry spots it's not making my acne look worse than it is
L'Oreal Infallible Fresh Wear,Lavinia Rusanda,https://www.youtube.com/watch?v=LEC98-EoMCA,acne|textured,yes,unknown,unknown,4 10,not_tested,,not_mentioned,not_mentioned,not_mentioned,positive,False,You cannot tell me that doesn't look so smooth on the skin
L'Oreal Infallible Fresh Wear,KWKosta,https://www.youtube.com/watch?v=nilgHbmn36I,oily,yes,unknown,unknown,Rose Ivory,mostly,12,not_mentioned,not_mentioned,yes,positive,False,I love this foundation like I'm so surprised by a serious couple of hours... it blows my mind like I would have never have guessed of a worn this foundation for eight hours
L'Oreal Infallible Fresh Wear,Sasha Stockwell,https://www.youtube.com/watch?v=2bJG5LPbHNw,oily,yes,fair,warm,0.99 true porcelain,mostly,10,not_mentioned,no,yes,positive,False,"Yes, I'm shiny right now but the makeup held up, you know sometimes you wear foundation and after 10 hours your oils come through and your oils just really break it up and it just looks terrible, I'm not getting that right now."
L'Oreal Infallible Fresh Wear,SariReanna,https://www.youtube.com/watch?v=BotzDUu1QnA,dry,yes,tan,unknown,208 Sun beige,no,12,no,not_mentioned,not_mentioned,mixed,False,I find it looks good in some lighting like if I'm in like bright artificial warm lighting it looks really good what I'm in lighting like now or like in like direct natural lighting it looks pretty terrible to be honest
L'Oreal Infallible Fresh Wear,Jessica Romua ,https://www.youtube.com/watch?v=q65Xj89p-Ps,oily,unknown,medium,unknown,Radiant Sand 250,mostly,7.5,not_mentioned,no,yes,positive,False,I feel like this does a good job of absorbing any extra oils and is great for like a touch-up type of finish
L'Oreal Infallible Fresh Wear,Janen Elodie,https://www.youtube.com/watch?v=wJzvfPtmrEk,"dry (currently, due to retinol)",not_mentioned,tan,not_mentioned,not_mentioned,mostly,8,not_mentioned,no,yes,positive,False,this foundation stay this foundation is not joking like it is a sweat proof you guys like eight hours
L'Oreal Infallible Fresh Wear,NEHADEVGANDIARIES,https://www.youtube.com/watch?v=r-ICQ5NAtqs,unknown,unknown,light-medium,unknown,3 to 4 light medium,mostly,5,not_mentioned,no,not_mentioned,positive,False,"What a fantastic product, L'Oreal. I'm highly, highly, highly impressed."
L'Oreal Infallible Fresh Wear,SuperWowStyle,https://www.youtube.com/watch?v=QCisFEt558Y,unknown,unknown,unknown,unknown,245 golden honey,yes,24,not_mentioned,not_mentioned,not_mentioned,positive,False,24 hour long stay claim check
Lancome Teint Idole Ultra Wear,Stephanie Marie,https://www.youtube.com/watch?v=9BqlS8V_Mg0,combination,unknown,light-medium,neutral leaning warm,2W1 Dawn / 2W2 Rattan,mostly,14,not_mentioned,no,not_mentioned,positive,False,this is one of the most bulletproof foundations i own it's worry-free basically and it's reliable if i need a foundation that is going to take me from morning all the way through the night this is typically what i'll reach for
Lancome Teint Idole Ultra Wear,Sam Robinson,https://www.youtube.com/watch?v=5FAbq-zAe0w,combination oily,unknown,medium,warm,400W,no,,not_mentioned,not_mentioned,not_mentioned,positive,False,"It applies pretty well with no primer or any assistance in my textured nose and chin area with a natural, hydrated finish, not crazy glowy but nice and not overly glowy."
Lancome Teint Idole Ultra Wear,Risa Does Makeup,https://www.youtube.com/watch?v=BLG0mc9TzPc,oily mature,yes,tan,neutral,360n,mostly,11,not_mentioned,yes,yes,positive,False,I think the foundation still looks really natural and beautiful... I have now been using this foundation for five days straight and I can tell you with certainty that I will be purchasing the full size bottle most likely in a different shade because this one only works if I bring it down my neck and chest
Lancome Teint Idole Ultra Wear,By Kristina Studio,https://www.youtube.com/watch?v=wXjYA5IBEl0,combination normal to oily,yes,unknown,neutral,355n,mostly,11,not_mentioned,no,not_mentioned,positive,False,I think my skin looks pretty flawless I think it looks very mattified but it doesn't look dried out...it's definitely better than the first formulation
Lancome Teint Idole Ultra Wear,Magdaline Janet,https://www.youtube.com/watch?v=ijE6nvFnmn8,oily,unknown,medium,neutral,355,mostly,12,not_mentioned,yes,not_mentioned,positive,False,considering we have no primer on we're a little oily is it supposed to be a transfer proof Foundation get this paper because this is what I have it transfers
Lancome Teint Idole Ultra Wear,Magdaline Janet,https://www.youtube.com/watch?v=HCqMdtmWLKs,oily,unknown,medium,neutral,"355n (new), 420 bisque neutral (old)",mostly,12,not_mentioned,yes,not_mentioned,positive,False,First and foremost this Foundation is good both are so so good ... I definitely think the new and improved with all this powder on top is a better version it's a lot smoother it just Glides onto the skin it overall looked better throughout the day.
MAC Studio Fix Fluid,Samantha Jane,https://www.youtube.com/watch?v=dYc8eWO6PjQ,oily,unknown,medium,warm,NC42,mostly,8,not_mentioned,no,yes,positive,False,I absolutely recommend this foundation not only do I love the wear time and how it reacted with my oily skin but I think that the price is great for a higher-end foundation and the shade range is amazing with 42 Shades
MAC Studio Fix Fluid,Irene ,https://www.youtube.com/watch?v=ocTyEhKpwVE,oily,yes,light,warm,NC20,mostly,,not_mentioned,yes,not_mentioned,positive,False,It's a full coverage foundation... I really like it because it is full coverage I don't have to use a lot of it and it glides on perfectly onto my skin.
MAC Studio Fix Fluid,melly,https://www.youtube.com/watch?v=tS0VFYMuEAk,combination oily,yes,medium,warm,NC40,mostly,8,no,no,yes,positive,False,it didn't oxidize it just you know stayed matte throughout the day with my powder on it
MAC Studio Fix Fluid,Magdaline Janet,https://www.youtube.com/watch?v=NJc4JAufUE8,oily,no,medium,neutral,NW35 and NW30,mostly,12,no,yes,not_mentioned,positive,False,It was looking really good pigment looked great we've been radiant all day long I didn't see any separation but I do kind of see my pores peeking through a little bit oily radiant yes radiant and radiant that's kind of expected
MAC Studio Fix Fluid,Beauty By Shabree,https://www.youtube.com/watch?v=NmULL8yJqr8,unknown,yes,medium,cool,nc55,not_tested,8,yes,no,no,negative,False,Overall for the foundation itself I just felt like it was really heavy on my skin ... personally for myself walking around not being on camera just looking at my face I wasn't comfortable with the wear or the look of the foundation so it's going to be a not for me
MAC Studio Fix Fluid,Magdaline Janet,https://www.youtube.com/watch?v=BfUSJEcqvSY,oily,unknown,medium,warm,NC37 and NC40,mostly,12,not_mentioned,yes,not_mentioned,positive,True,I'm just so surprised how well my makeup lasted ... you could barely see pores texture oils nothing ... this is a good foundation right that was never in question ... I would choose nc37
Make Up For Ever HD Skin,Thrift Thick,https://www.youtube.com/watch?v=QSikcUn66pI,oily,unknown,unknown,unknown,1 and 10,mostly,12,not_mentioned,no,not_mentioned,positive,False,at the end of the night it looked almost dare i say flawless like i can't say completely flawless like it had faded a bit in areas but overall to have been worn for 12 hours and it's not like i was sedentary all day like that looked phenomenal
Make Up For Ever HD Skin,Magdaline Janet,https://www.youtube.com/watch?v=MEDiOg4GbCg,oily,yes,medium,neutral,2 and 34,mostly,13,no,yes,not_mentioned,positive,False,"""The skin looks good and it's drying down ... it feels very dry down like it's not gonna move ... it's a good amount of coverage and it looks natural very skin like very nice."""
Make Up For Ever HD Skin,Magdaline Janet,https://www.youtube.com/watch?v=JtBw0b4n-3c,oily,not_mentioned,medium,neutral,2 N26,no,11,not_mentioned,yes,not_mentioned,positive,False,It was looking really good skin was looking radiant yet Supple that's kind of what I've been getting all day pigment was still there of course I was going to be radiant because that's basically how we started nothing's breaking up at this point
Make Up For Ever HD Skin,Mallory Brooke,https://www.youtube.com/watch?v=MW8a6d8WXpk,"dry, sensitive, breakout prone",yes,fair,warm,101 W Lace,mostly,12,not_mentioned,no,not_mentioned,positive,False,"This foundation almost looks too good. I know it's only been 30 minutes. Not powdered down, not sprayed with makeup setting spray. Also, the concealer looks great, not powdered. I mean, I am feeling very, very fresh, very chic."
Make Up For Ever HD Skin,Maryam Maquillage,https://www.youtube.com/watch?v=XXZGvcdnJ48,oily,yes,medium,olive,220W ecru,mostly,1,not_mentioned,not_mentioned,not_mentioned,positive,False,"Overall, it looks really good. Right now, I have just a little bit of shine coming through the center of my face, but nothing too crazy, nothing too drastic."
Make Up For Ever HD Skin,Jessica Romua ,https://www.youtube.com/watch?v=c2vPwm3C9jY,oily | combination,unknown,medium,neutral,2N26,no,7.5,not_mentioned,no,not_mentioned,positive,False,"""For me I do have oily skin but I do like how it looks I've been really into a glowy finish... if you want glow and hydration, do this."""
Maybelline Fit Me Matte Poreless,Taylor Wynn,https://www.youtube.com/watch?v=hiY43yua4JE,combination,unknown,fair,yellow (warm),112,no,9,not_mentioned,yes,not_mentioned,mixed,False,literally in about five minutes my face oxidized like three shades ... I look like an oompa loompa right now I'm so Orange
Maybelline Fit Me Matte Poreless,Cassandra Bankson,https://www.youtube.com/watch?v=8n6MIz-kZa8,oily,yes,light,unknown,115 Ivory,mostly,7,no,not_mentioned,not_mentioned,mixed,False,"I'll honestly tell you I give it about a seven out of 10 and I'll tell you why... when I use primer, this is seriously not an issue it will last me all day long."
Maybelline Fit Me Matte Poreless,Zoey Noel,https://www.youtube.com/watch?v=nRvPYJafMNw,normal to dry,yes,unknown,unknown,220,no,9,not_mentioned,not_mentioned,not_mentioned,mixed,False,it did kind of get oily ... it did get pretty oily ... it did kind of rub off on like the more raised areas ... if you have like active acne and raised bumps ... steer clear ... if you have dry skin strictly dry skin I would not go for this because it is a powder finish
Maybelline Fit Me Matte Poreless,Arnakshi Patgiri,https://www.youtube.com/watch?v=AmlmMYSU7Fg,dry,unknown,medium,unknown,228 soft 10,not_tested,16,not_mentioned,not_mentioned,yes,positive,False,"""I was like oh my God my skin looks so good... this Foundation just Blends out like a dream and it matches my skin perfectly."""
Maybelline Fit Me Matte Poreless,ugly elle,https://www.youtube.com/watch?v=X_2bXFRlDmA,oily,yes,medium,neutral,,mostly,4,not_mentioned,no,yes,positive,False,I think it does a really great job at blurring out the texture on your skin... this does a really good job at controlling my oils throughout the day... I would say that this has a good four to five hour wear time
Maybelline Fit Me Matte Poreless,Christiana's Closet,https://www.youtube.com/watch?v=Z097UT82emU,combination,unknown,medium,unknown,360 Mocha,mostly,7,not_mentioned,no,not_mentioned,positive,False,so my final thoughts on this fit me Maybelline fit me matte poreless foundation is that it's definitely oily skin friendly the formula for oily skin I think it's definitely on point
Maybelline Super Stay Full Coverage,Tati,https://www.youtube.com/watch?v=G3-9Wn-n-kk,combination leaning dry,unknown,unknown,neutral,125,mostly,8,not_mentioned,no,not_mentioned,positive,False,I really like this Foundation... it is so longwearing... things are still looking pretty good considering it is so late and I have not repowered
Maybelline Super Stay Full Coverage,Sam Robinson,https://www.youtube.com/watch?v=FBv3ESuhRT0,combination,yes,light,warm olive,220,not_tested,,not_mentioned,not_mentioned,not_mentioned,positive,False,Did she? Did she not? Pick another winner. This is perfect.
Maybelline Super Stay Full Coverage,Jazzi Filipek,https://www.youtube.com/watch?v=mJAhwpmmi0s,oily,yes,light,unknown,120 Classic Ivory,mostly,11,not_mentioned,no,not_mentioned,positive,False,I loved how full coverage it was without looking and feeling super thick and mask like on my skin
Maybelline Super Stay Full Coverage,Risa Does Makeup,https://www.youtube.com/watch?v=P7FOFT4gjVU,oily,unknown,medium,warm,220,no,12,not_mentioned,no,not_mentioned,positive,False,This 12-hour wear test told me that both of these foundations are extremely longwearing. I honestly have not lost any coverage.
Maybelline Super Stay Full Coverage,Lavinia Rusanda,https://www.youtube.com/watch?v=gk-OpHBmJkY,combination,yes,light,unknown,108,mostly,13,not_mentioned,yes,not_mentioned,positive,False,I do get the Lumi matness that they were claiming because it is actually just looking so like a glow from within that's not super dewy... I am thoroughly impressed to say the least
Maybelline Super Stay Full Coverage,Jessica Romua ,https://www.youtube.com/watch?v=_2ETE82ebdQ,oily,unknown,medium,unknown,250,mostly,12,not_mentioned,no,yes,positive,False,"""it stayed in place all throughout the face you can see it still is looking really nice in place even though it is like I said 10:17 at night I mean we wore this for pretty much the entire day and it's looking so good"""
Maybelline Super Stay Full Coverage,makeupwithalixkate,https://www.youtube.com/watch?v=ok-VFsWjlAo,oily,yes,unknown,unknown,090,mostly,4,not_mentioned,not_mentioned,not_mentioned,positive,False,Honestly this is one of the most impressive foundations that I've tried doesn't really start to show my oils through after 4 hours
Maybelline Super Stay Full Coverage,Fayy Lenee,https://www.youtube.com/watch?v=rulQebNH2jw,oily,not_mentioned,tan,unknown,350,mostly,9,not_mentioned,no,not_mentioned,positive,False,I have to say look at my pores like just look at how smooth my skin is I'm shook by this foundation for this to be a drugstore foundation is crazy
Maybelline Super Stay Full Coverage,Tati,https://www.youtube.com/watch?v=SKBGrmzdVT0,combination oily,no,unknown,unknown,,yes,,not_mentioned,no,yes,positive,True,"In the full coverage category, and what I am wearing today that I will never give up on, we will be married forever. Ever. We are like going off into the land of perfect foundation days and we're just we're married. We're soulmates."
Maybelline Super Stay Full Coverage,Mufidah Mukhtar,https://www.youtube.com/watch?v=eztyWdY1bTU,oily-combination,unknown,unknown,neutral,mix of 350 and 368,mostly,6,not_mentioned,no,yes,positive,False,Maybelline SuperStay Lumi Matte is a go for me. I love it so much.
Maybelline Super Stay Full Coverage,Steph J,https://www.youtube.com/watch?v=Z33coYen588,oily,unknown,medium,unknown,368,mostly,,not_mentioned,not_mentioned,yes,positive,False,"I do feel like the dry down is giving me more matte. I feel like it was giving me more dewy earlier, but right now it's really giving that matte finish. I still don't feel like I have any makeup on. I am truly in love with this formula."
Maybelline Super Stay Full Coverage,Prakriti Singh,https://www.youtube.com/watch?v=3BatzP9f-58,combination,unknown,medium,unknown,228,mostly,6,not_mentioned,yes,not_mentioned,positive,False,I like the finish of this Foundation it's definitely a clean girl Foundation this is so lightweight on the skin it feels like nothing
Maybelline Super Stay Full Coverage,All Beauty By Sarah,https://www.youtube.com/watch?v=_oVimRAEAj8,combination,yes,light,neutral,129,mostly,9,not_mentioned,no,yes,positive,False,"It's not heavy, it is not cakey, it doesn't feel wet, it doesn't feel sticky, it sets to this like very comfortable matte but not really matte finish even though it is a matte finish and you know you can't feel it on the face very much it's not like a dry matte finish so not only does it look luminous but it also doesn't feel matte it doesn't feel dry it feels very much like skin very very comfortable"
Maybelline Super Stay Full Coverage,BrookieMarieTV,https://www.youtube.com/watch?v=ND87wiLMznc,acne prone,yes,unknown,warm,128 warm nude,not_tested,,not_mentioned,yes,not_mentioned,positive,False,I was looking close up and this foundation has my skin looking really good really good like really good I recommend people should try this out like for ten dollars I mean come on it did cover my blemishes pretty well
Maybelline Super Stay Full Coverage,Angela Lor,https://www.youtube.com/watch?v=kq3QOLC0Nns,oily,yes,light,neutral,N4 neutral light medium,mostly,,not_mentioned,not_mentioned,not_mentioned,positive,False,"I am actually wearing this foundation today, but I don't ever really need to go in with concealer on my acne scars. One coat of this is more than enough to cover everything, which I really appreciate."
Maybelline Super Stay Full Coverage,ugly elle,https://www.youtube.com/watch?v=oAfAWGJ32aI,oily,yes,medium,unknown,Sun beige 310,not_tested,,not_mentioned,not_mentioned,not_mentioned,positive,False,Honestly this is probably the first Foundation that I feel like has matched me nearly almost perfectly
Maybelline Super Stay Full Coverage,Slashed Beauty,https://www.youtube.com/watch?v=d2GAHN2etLM,combination dry leaning,yes,light,unknown,220 Soft Beige,mostly,10,not_mentioned,not_mentioned,not_mentioned,positive,False,the Maybelline foundation did not settle into my laugh lines as much as the elf Foundation did...this side does look better in terms of oil control or sweat control
Maybelline Super Stay Full Coverage,Milabu,https://www.youtube.com/watch?v=q07BVM-sAIA,combination,unknown,unknown,unknown,,mostly,,not_mentioned,not_mentioned,not_mentioned,positive,False,"It is sweat, water, and transfer resistant. The reason why it's my new favorite is because it does everything for me. It's long lasting for my combination skin."
Maybelline Super Stay Full Coverage,ugly elle,https://www.youtube.com/watch?v=R513nmHy3V8,combination,yes,medium,olive,N6,not_tested,,no,not_mentioned,not_mentioned,positive,False,Personally I don't really feel the need to put the pimple cream all over my face but it does help your foundation stay on longer.
Maybelline Super Stay Full Coverage,Kristina King,https://www.youtube.com/watch?v=3NsW4hp662A,dry,yes,light,unknown,light beige concealer shade,not_tested,,not_mentioned,not_mentioned,not_mentioned,positive,False,you can't see any redness no dark spots no discoloration no green nothing this routine is foolproof
Maybelline Super Stay Full Coverage,HotandFlashy,https://www.youtube.com/watch?v=BWSRFwVEA1Q,combination,unknown,light,unknown,medium,mostly,10,not_mentioned,not_mentioned,yes,positive,False,It really stayed put all day. The only problem that I had with it was that the shine from this one did start coming through the powder about midway through the day.
Maybelline Super Stay Full Coverage,Its Marilyn No Monroe,https://www.youtube.com/watch?v=K5zNpgJumXs,oily,unknown,unknown,warm and neutral,368,mostly,10,not_mentioned,no,yes,positive,False,this is a absolutely great foundation and you do not have to wear it full coverage there are ways to scale it back
Milk Makeup Future Fluid,Sam Robinson,https://www.youtube.com/watch?v=UZapGAh5C_I,oily combination,unknown,light medium,cool (noted unusual labeling of warm shades as cool),260 light medium cool,no,,not_mentioned,not_mentioned,not_mentioned,positive,False,"It is giving more radiant, more luminous, more hydrated, healthy-looking skin just off of a little layer with a sponge."
Milk Makeup Future Fluid,Sam Robinson,https://www.youtube.com/watch?v=YToaOihKdgI,oily,yes,medium,olive/neutral/cool (varied shades tested),12O and 14N primarily,not_tested,,not_mentioned,not_mentioned,not_mentioned,positive,True,"""That looks really good. It matches the center of my face very nicely... This base ain't bad at all."""
Milk Makeup Future Fluid,Thrift Thick,https://www.youtube.com/watch?v=mvUmTd93gMw,oily,yes,fair,neutral,4N (fair with neutral undertones),no,,not_mentioned,not_mentioned,not_mentioned,mixed,True,It is definitely smearing off underneath my glasses it is creasing really badly in my mouth lines and it just looks like it is getting really oily and wipe offable.
Milk Makeup Future Fluid,justShanygne ,https://www.youtube.com/watch?v=jTvvol9F6ro,unknown,unknown,unknown,neutral,29n,mostly,12,not_mentioned,not_mentioned,not_mentioned,positive,True,I had this on for over 12 hours and this is what my face looks like baby I like it
Milk Makeup Future Fluid,State of Kait,https://www.youtube.com/watch?v=b8yqr5paJR4,unknown,unknown,unknown,unknown,8C,mostly,6.5,not_mentioned,yes,not_mentioned,mixed,False,I think crease wise they look great not really dealing with any creasing settling any of the product moving around the one area where I think the milk makeup looks a little bit worse is that throughout the day as you know I make expressions and my face moves and I smile I do think the concealer settled into lines I wouldn't consider that creasing creasing to me is when you do that and you can see all of the products like gathered like it creases this more is just that because of that more matte finish you can see the lines of my face a little bit more whereas the Charlotte Tilbury it looked a little softer on my under eyes
Milk Makeup Future Fluid,Tatianna Anesa,https://www.youtube.com/watch?v=z94ZQ3kZz_4,unknown,unknown,unknown,unknown,21w,not_tested,,not_mentioned,not_mentioned,not_mentioned,positive,False,"I am honestly obsessed with this concealer... The coverage is amazing, I love the finish of it, there is no creasing that I can see right now, literally no creasing or anything like that, my makeup just looks really good."
NARS Sheer Glow,Marlena Stell,https://www.youtube.com/watch?v=cJuOBbVRq0w,dry,not_mentioned,unknown,unknown,,no,,not_mentioned,no,not_mentioned,positive,False,I love this because it is dewy finish ... it works amazing because it has that Luminosity it adds some oil back into your skin
NARS Sheer Glow,Nikkia Joy,https://www.youtube.com/watch?v=RTvwt_thDQU,oily,yes,medium,warm,medium 3,no,11,yes,no,yes,positive,False,after wearing them both side by side for me I would have to go with the nas she glow Foundation purely because it looked the nicest for the longest time
NARS Sheer Glow,Samantha Jane,https://www.youtube.com/watch?v=mXXyWZdjRUo,unknown,unknown,unknown,unknown,Syracuse,no,,not_mentioned,yes,no,mixed,False,I do feel like it may have slightly oxidized on my skin which may have caused some of the unevenness it did last well on my skin but I don't feel like it looks as natural on my skin as I want it to
NARS Sheer Glow,Jessica Alice,https://www.youtube.com/watch?v=PQjoJHvhhxQ,not_mentioned,no,not_mentioned,not_mentioned,Gobi,mostly,6,not_mentioned,no,not_mentioned,positive,False,"""I can see myself reaching for the light reflecting foundation when I want just a slightly more even skin tone not perfect I'm not trying to hide everything... it looks really smooth and the foundation hasn't clung to it at all"""
NARS Sheer Glow,Wayne Goss,https://www.youtube.com/watch?v=2S0gqhxJ5EA,unknown,unknown,unknown,unknown,,no,,not_mentioned,not_mentioned,not_mentioned,positive,False,it does give a sheer glow to the skin it isn't a matte foundation but it is no way a dewy one either it's kind of somewhere in between
NARS Sheer Glow,Jessica Alice,https://www.youtube.com/watch?v=sY_yabUp1k0,normal,unknown,light,unknown,Gobi Light 3,no,8,not_mentioned,not_mentioned,not_mentioned,mixed,False,I definitely have a favorite of the two I much prefer how sheer glow has worn over natural radiant
NARS Soft Matte Complete,Thrift Thick,https://www.youtube.com/watch?v=tlVSZdZEFyw,oily,yes,light,unknown,Light 2 Mont Blanc,mostly,16,no,no,yes,positive,False,It just looks so good on the skin so good and it has felt so lightweight today
NARS Soft Matte Complete,Kirsty Lo,https://www.youtube.com/watch?v=SpBCiN4xKz8,oily,yes,medium,warm,3W120,mostly,12,not_mentioned,yes,yes,positive,False,"""The double wear has done so well as per usual it works really incredibly well on my oily skin it looks natural it looks flawless"""
NARS Soft Matte Complete,Maryam Maquillage,https://www.youtube.com/watch?v=gIwF13_m2rU,oily,yes,medium,olive,Vanuatu,mostly,,not_mentioned,not_mentioned,not_mentioned,positive,False,"This definitely dries down to a matte, even more matte than the Natural Radiant... It almost doesn't look like I have oily skin."
NARS Soft Matte Complete,Magdaline Janet,https://www.youtube.com/watch?v=NzVg3uNdNp4,oily,unknown,medium,olive,Aruba,mostly,11,not_mentioned,yes,not_mentioned,positive,False,"It feels very comfortable, definitely lightweight, doesn't feel heavy or thick, and after about 11 hours with no touch ups, it looks okay with a nice glowy look, not oily or messy."
NARS Soft Matte Complete,Hannah With The Lipstick,https://www.youtube.com/watch?v=LlqNMix7Pbs,oily,yes,medium,unknown,4.5 Vienna,mostly,4,not_mentioned,not_mentioned,yes,positive,True,i honestly think it's worth the hype
NARS Soft Matte Complete,BiancaReneeToday,https://www.youtube.com/watch?v=nqbC1wYK3qc,oily,unknown,medium,unknown,medium deep 2.6 Hua Hine,mostly,6,not_mentioned,no,yes,positive,False,i knew i am currently in love with the nars matte foundation if you have oily skin i definitely recommend you try it
NARS Soft Matte Complete,Jessica Romua ,https://www.youtube.com/watch?v=_fKCWy3UXME,oily,unknown,medium,neutral,"Sahel (NARS), 3N (Dior)",mostly,8,not_mentioned,yes,not_mentioned,positive,False,"""I feel like the NARS one, once it sets, picks up more orangey. The Dior one does oxidize a little bit, but it still sets neutral."""
NARS Soft Matte Complete,Fabiola Cruz Beauty,https://www.youtube.com/watch?v=IcIY7gpyVTA,combination,not_mentioned,unknown,unknown,,mostly,10,not_mentioned,yes,not_mentioned,mixed,False,"The one on the left is the NARS Natural Radiant Longwear Foundation... and the one on the right is the new 2026 Estee Lauder Double Wear reformulation... At hour five, NARS was already settling into the smile lines and breaking down, but Double Wear was still impeccable and held up well even at hour 10."
NARS Soft Matte Complete,Nikkia Joy,https://www.youtube.com/watch?v=mavnGbUwClM,oily,unknown,medium,unknown,Medium 3 Stromboli,mostly,6,not_mentioned,no,not_mentioned,positive,False,i just can't get over the lack of shine like this is so bizarre
NARS Soft Matte Complete,Allie Glines,https://www.youtube.com/watch?v=ZeYHiS0T_sM,oily,unknown,light,unknown,Light 2 Mont Blanc,mostly,,not_mentioned,not_mentioned,not_mentioned,positive,False,"Even though it says matte, as you can see hopefully, it's not flat... it's not overly glowy, even though I didn't set it, at least so far."
NARS Soft Matte Complete,Samantha Jane,https://www.youtube.com/watch?v=oGMLYDglPp4,normal/combination,yes,medium,warm,Syracuse Medium Deep,mostly,8,no,no,not_mentioned,positive,False,It did not oxidize... no major transferring... it's a little bit shiny but nothing crazy and I think it looks great
NARS Soft Matte Complete,KWKosta,https://www.youtube.com/watch?v=K_ZXuTH854k,oily,yes,light,unknown,Salzburg Light 3.5,mostly,13,not_mentioned,no,yes,positive,False,this is my final check-in hour number 13. and i still have this foundation on my face... for me is a big thumbs up i really like it highly recommend it
NARS Soft Matte Complete,Madeline Williams,https://www.youtube.com/watch?v=DF-ir8j2VHA,oily,yes,medium,neutral,medium 2 santa fe,mostly,6,no,no,not_mentioned,positive,False,i have loved the finish of this foundation so much that like i don't even mind that it was a little bit more oily during the six hour work
NARS Soft Matte Complete,Olotu Funke,https://www.youtube.com/watch?v=XxheWuoPKKQ,oily,yes,unknown,unknown,IGA UCO,yes,,not_mentioned,no,yes,positive,False,I actually quite like the foundation I like the texture and the coverage ... it does give a matte finish I don't feel like I have a matte product on my face it just feels very natural
NARS Soft Matte Complete,Haley Kim,https://www.youtube.com/watch?v=DC_sR1vrBcA,acne prone,yes,unknown,warm,,not_tested,,not_mentioned,not_mentioned,not_mentioned,positive,False,"just because you have acne on your cheek, it doesn't mean that you have to use high coverage foundation all over your face"
NARS Soft Matte Complete,Mixed Makeup,https://www.youtube.com/watch?v=WftrUdS8TBs,oily,unknown,unknown,unknown,,mostly,,not_mentioned,not_mentioned,not_mentioned,positive,False,this is a great formula if you do have oilier skin I love to apply this with either if I want more of a natural coverage for oily skin I'll apply it with a damp like slightly damp Beauty sponge and I'll tap it in that'll give me a really nice even coverage or if I want to be a little more buffed out and thinned out I'll apply with a bigger blending brush so you just get so many different options with this it's completely buildable you can build up to be extremely full coverage which I love and it wears so long
NARS Soft Matte Complete,Marlena Stell,https://www.youtube.com/watch?v=SjsiKJP5TCM,dry,unknown,unknown,unknown,,not_tested,,not_mentioned,not_mentioned,not_mentioned,positive,True,"If you have dry skin, using a luminous SPF is game changer for giving you that really glowing skin that dry skin actually needs."
NARS Soft Matte Complete,Jessica Pimentel,https://www.youtube.com/watch?v=kwlCEN0q330,oily combination,yes,medium,unknown,,mostly,,not_mentioned,no,yes,positive,False,it looks so so natural but still full coverage is honestly a top top foundation
NARS Soft Matte Complete,Jessica Romua ,https://www.youtube.com/watch?v=VG_yvm75CBc,oily,unknown,medium,warm,Estee Lauder Double Wear Fawn 3W1.5; NARS Sahel M2.5,mostly,,not_mentioned,not_mentioned,not_mentioned,mixed,False,"For somebody with very oily skin, I wouldn't say this is a matte matte foundation. It definitely has a little bit of I don't want to say shine cause it's not shine, but it has like a glow from within. It's a very like flexible matte foundation."
NARS Soft Matte Complete,Angela Denise ,https://www.youtube.com/watch?v=8V_Dv3aKIB4,combination,not_mentioned,medium,unknown,Seville (medium deep 3.5),mostly,4,not_mentioned,no,not_mentioned,positive,False,"I really like the way the foundation looks on the skin. It is very promising... without looking oily, without feeling oily. Everything on the skin feels extremely lightweight."
NARS Soft Matte Complete,KeikoBeauty,https://www.youtube.com/watch?v=AAnESyr4J4E,oily,yes,medium,warm,cadiz (medium deep 3),mostly,10,not_mentioned,no,yes,positive,False,this is my new favorite foundation for the summertime if you guys are oily or very oily going out of town to a very hot tropical place you're going to love this foundation
NARS Soft Matte Complete,KyrielleLara,https://www.youtube.com/watch?v=kuZ1lRN2EgA,combination to oily,unknown,fair,yellow/neutral,Light Zero Siberia,mostly,9,not_mentioned,no,not_mentioned,positive,False,It feels so lightweight like I'm not wearing any foundation like I can't feel anything and the matte finish is very real
NARS Soft Matte Complete,Afeeyah FBM,https://www.youtube.com/watch?v=ZjPTcvuy72w,oily,yes,medium,unknown,New Caledonia (D2),mostly,8,not_mentioned,no,yes,positive,False,if you have oily skin if you have oily type of skin and your skin gets oily oily this is a okay... i feel like if i was wearing my natural radiant today i'd have been sweating a lot more because i was really i enjoyed myself so this is the end of the video
NARS Soft Matte Complete,Makeup By Asta,https://www.youtube.com/watch?v=-oE0mgasNkg,combination,unknown,medium,unknown,Stromboli,mostly,8,not_mentioned,no,not_mentioned,positive,False,the highlight of this foundation for me is that you can touch your face it kind of dries down and it seems like it's been set with powder
NYX Cant Stop Wont Stop,juicyjas,https://www.youtube.com/watch?v=BPNfYbjF67U,combination,unknown,medium,olive,Beige,no,6,not_mentioned,no,not_mentioned,mixed,False,I definitely started noticing the oil probably about two to three hours into wearing the foundation... this foundation is super oily on my skin more than other ones that I've tried
NYX Cant Stop Wont Stop,Taisha,https://www.youtube.com/watch?v=PJ5qC2QznCw,oily,unknown,light,neutral,beige,mostly,9,not_mentioned,no,not_mentioned,positive,False,"""It's been up nine hours and I'm not that oily I swear to you I'm not that oily"""
NYX Cant Stop Wont Stop,Sarah Sarosh,https://www.youtube.com/watch?v=QDBNuKIV30w,oily,not_mentioned,medium,warm,Golden Honey,mostly,8,not_mentioned,no,not_mentioned,positive,False,This foundation might just give Fenty a run for its money the finish is beautiful and all the full coverage feels of it it's still there it's not transferring at all
NYX Cant Stop Wont Stop,Magdaline Janet,https://www.youtube.com/watch?v=1iNgckJDyhY,oily,unknown,medium,neutral,neutral tan,mostly,12,not_mentioned,yes,not_mentioned,positive,False,it was looking so good oils were coming in a little bit but the skin was still pretty mattified kind of how we started off in the morning
NYX Cant Stop Wont Stop,Taylor Anise,https://www.youtube.com/watch?v=a9crOZVk6PE,oily,unknown,medium,unknown,Nutmeg,mostly,9,not_mentioned,not_mentioned,yes,positive,False,with me wearing it all day as well as working out I still think this foundation wore pretty good it's not separating anywhere I'm just getting shiny in places that I do get oily and the places that idea's sweat
NYX Cant Stop Wont Stop,BiancaReneeToday,https://www.youtube.com/watch?v=ZCwV42Ps98Y,oily,unknown,medium,neutral,golden,mostly,9,not_mentioned,no,not_mentioned,positive,False,I think this foundation did a really good job on oily skin probably even better on normal skin and possibly amazing on dry skin maybe even too dry
Rare Beauty Liquid Touch,Taylor Wynn,https://www.youtube.com/watch?v=q4q6jkKf8zo,combination,not_mentioned,light,neutral,130n,not_tested,,not_mentioned,yes,not_mentioned,mixed,False,it does seem to oxidize about half a shade you can see it's a little bit lighter when it first goes on
Rare Beauty Liquid Touch,Kris Kameron,https://www.youtube.com/watch?v=QAxFB4nig0k,oily,yes,light,neutral,210n,no,6,no,no,yes,positive,False,"""I did get super shiny after just like two hours but that happens to me with every foundation... I am obsessed the lip color stayed on pretty well... I feel like the coverage is really good...  I am obsessed"""
Rare Beauty Liquid Touch,Ivory Cherry,https://www.youtube.com/watch?v=5viaG9pIkYw,oily,yes,medium,neutral,290n,mostly,10,not_mentioned,no,not_mentioned,positive,False,at 10 hours i feel like the foundation looks pretty good but like i said i probably would take it off at this point
Rare Beauty Liquid Touch,juicyjas,https://www.youtube.com/watch?v=o1BM-ovKYQY,combination,unknown,light-medium,neutral,20 light medium neutral,no,10,not_mentioned,yes,not_mentioned,mixed,True,"Clearly, I could use a blotting sheet. Lots of oil coming through on my T-zone. And this formula definitely oxidizes."
Rare Beauty Liquid Touch,Ashley Roark,https://www.youtube.com/watch?v=VQRtgsk6kCE,oily,not_mentioned,medium,warm,170W,mostly,7,not_mentioned,no,yes,positive,False,I am very shocked by how well I like this and I just woke up from a nap and usually that goes either one of two ways... it's not too greasy or shiny. It just looks like a dewy foundation.
Rare Beauty Liquid Touch,Michelle Londyn,https://www.youtube.com/watch?v=2KB5BVBjs7s,oily,unknown,light,warm olive,"170W (foundation), 130N (concealer)",mostly,8,not_mentioned,no,not_mentioned,positive,False,I think this is wearing really well despite my oily skin. I think this is a win in my book.
Revlon ColorStay,Nikkia Joy,https://www.youtube.com/watch?v=YRBBRKJyXv8,oily,unknown,medium,unknown,320 true beige,mostly,15,not_mentioned,not_mentioned,not_mentioned,positive,False,my natural oils have come through this foundation is looking a whole lot nicer on my skin everything has really smooth out that cakey not really cakey but like that sort of textured appearance at my skin had
Revlon ColorStay,Samantha Jane,https://www.youtube.com/watch?v=0m8pS5-3nJM,oily,unknown,medium,neutral,372 Toast,mostly,12,not_mentioned,no,yes,positive,False,I think it wore beautifully... oils started to come through around 12 or 1 which is pretty normal for me... I'm just really loving this... overall huge thumbs up absolutely impressed and highly recommend
Revlon ColorStay,Magdaline Janet,https://www.youtube.com/watch?v=vcbjt3bZFIA,oily,not_mentioned,medium,unknown,350 Rich tan,mostly,12,not_mentioned,no,yes,positive,False,This Foundation wow it is freaking amazing this Foundation is really doing the damn thing it is the perfect matte and long wearing blurring Foundation
Revlon ColorStay,Thrift Thick,https://www.youtube.com/watch?v=QUJEoWWyp-k,oily,yes,medium,unknown,150 buff,mostly,12,not_mentioned,no,not_mentioned,mixed,False,i feel like my skin didn't get hardly as oily as it typically does throughout a day of wear even on a low-key day like this
Revlon ColorStay,Stephanie Holiday,https://www.youtube.com/watch?v=QoGg4pmm2ww,oily,yes,unknown,unknown,,yes,8,not_mentioned,not_mentioned,not_mentioned,positive,False,the foundation is still very matte and still very much there i mean the coverage is still there nothing has transferred off of my nose
Revlon ColorStay,Sanesh Makeup,https://www.youtube.com/watch?v=kpaK_1gRTfA,oily,no,unknown,unknown,toffee,mostly,6,not_mentioned,not_mentioned,not_mentioned,positive,True,I was actually impressed that around the 7 o'clock mark I was still quite matte ... I think this is a really good foundation ... you will get a pretty decent amount of wear on this foundation obviously if you are oily like I am you're going to have to blot your oily areas ...
Revlon ColorStay,Nana Beauty,https://www.youtube.com/watch?v=-7BzTN31RrM,combination,yes,medium,neutral,600 Cinnamon,mostly,,no,no,yes,positive,False,This Revlon Foundation absolutely love it absolutely love it I love the old formula this is the new formula both of them are the same to me I don't see much of a difference this is a great are excellent everyday Foundation everyday Work Foundation
Revlon ColorStay,BiancaReneeToday,https://www.youtube.com/watch?v=4nbG29i8CLs,oily,not_mentioned,medium,red-warm (more red than yellow),400 Caramel,no,10,not_mentioned,no,not_mentioned,mixed,False,I did have the full color and coverage still on my face it is called Color Stay the color did stay it's just my you know crazy oily skin so it's time to blot
Revlon ColorStay,Nadia Vega,https://www.youtube.com/watch?v=CCJ8BzZhvjw,"combination, oily",yes,medium,neutral,300,mostly,5,not_mentioned,no,not_mentioned,positive,True,"For 14.99 I feel like it's pretty good pretty good... if I were to rank this right now I would give it a 7 out of 10... after wear, maybe like an 8 to an 8.5 out of 10."
Revlon ColorStay,Mena_Adubea,https://www.youtube.com/watch?v=s4hmLM_rgHI,combination and oily,unknown,unknown,unknown,Java,no,15,not_mentioned,not_mentioned,not_mentioned,positive,False,I think that it wore beautifully ... This is not giving me matte it's giving me natural coverage and I'm okay with that but I think that this makeup still looks good and I enjoy it
Revlon ColorStay,Shannon Lansing,https://www.youtube.com/watch?v=T8gMpYj5LMg,normal/dry,unknown,deep,unknown,395 deep honey,yes,14,not_mentioned,yes,not_mentioned,positive,False,I just got done with my friend's daughter's birthday and I'm meeting up with another friend right now and we're gonna go eat hot pot... this is what the foundation looked like after 14 hours... I really did like you guys I did not get oily so I do recommend it
Revlon ColorStay,Kelechi R Eluma ,https://www.youtube.com/watch?v=HyfksXtuLc8,oily,unknown,unknown,unknown,500 walnuts,no,7,not_mentioned,not_mentioned,yes,positive,False,I have oily skin and I am in love with this Foundation... to me the medium coverage is really really good... you can see my face looks hydrating but my oil is not really speaking through... this is just the right foundation for oily and combination skin.
Revlon ColorStay,Anne Clutz,https://www.youtube.com/watch?v=EtJh-k9t_tM,oily,yes,medium,warm,"L'Oreal 110, Revlon Warm Golden",no,12,not_mentioned,not_mentioned,not_mentioned,mixed,False,Mas maganda pa rin talaga to (Revlon) kesa dito (L'Oreal). Mas oily talaga to (L'Oreal).
Revlon ColorStay,Imani Bautista,https://www.youtube.com/watch?v=5M6ANiBsRk4,normal to slightly dry,yes,medium,"pink (implied, but mixed feelings about pinky tone)",natural tan,mostly,10,not_mentioned,no,yes,positive,False,the foundation still looks phenomenal I mean are we seeing this you guys it looks amazing
Revlon ColorStay,Leximarcellaa,https://www.youtube.com/watch?v=XKrHZiQDccI,combination/oily,yes,unknown,yellow,,mostly,,not_mentioned,not_mentioned,yes,positive,False,I like the Revlon color stay is great for oily skin and then of course the acne from elf is really good because it actually has like salicylic acid and like what is it called um witch hazel it also has witch hazel in it which is also good for your skin and it gives me a really Flawless finish
Revlon ColorStay,Jc Fabuleux,https://www.youtube.com/watch?v=gi4EaeXZFIk,oily,unknown,medium,yellow,golden beige,no,10,not_mentioned,no,yes,positive,True,"After 10 hours guys, the pigmentation is still there, the coverage is good, and it does not break apart even after working out."
Revlon ColorStay,SariReanna,https://www.youtube.com/watch?v=cA7_54nTyfs,oily,yes,unknown,unknown,,not_tested,,yes,not_mentioned,no,negative,False,I ended up having an allergic reaction to it I broke out in a rash there was like tiny little irritated red bumps in like little clusters all over my face and it did kind of end up breaking me out in general as well
Revlon ColorStay,Deanna Borocz,https://www.youtube.com/watch?v=iAVHeckHtHg,oily,yes,unknown,unknown,,mostly,8,no,not_mentioned,yes,positive,False,the first like five six hours are beautiful it looks so good it keeps your makeup on amazingly
Revlon ColorStay,Stephanie Alford,https://www.youtube.com/watch?v=aHOel2FccdI,oily combo,yes,medium,warm,"not explicitly stated but uses 350 Rich Tan and 370 Toast for Revlon, N4 and Buff Beige for L'Oreal True Match Lumi",mostly,,not_mentioned,yes,yes,positive,False,the mattifying effect in it is crazy awesome I mean this will mattify your skin ... it really does remind me of the Covergirl one except I feel like this one's just a little bit drier ... it does stay on forever
Revlon ColorStay,KYM CHAVEZ,https://www.youtube.com/watch?v=Rn7u8jm973I,combination to oily,unknown,unknown,unknown,150 Natural Beige,mostly,12,no,no,no,mixed,False,"It is a lightweight, medium coverage foundation that lasted me about 12 hours, controlled oil mostly but not fully, did not cause breakouts, and is not full coverage so it didn’t build up cakey."
Revlon ColorStay,HotandFlashy,https://www.youtube.com/watch?v=vYQ9CdQQOhQ,combination,no,unknown,unknown,"300 golden beige (combo to oily), 250 fresh beige (normal to dry)",mostly,11,yes,no,not_mentioned,mixed,False,"From a distance I was like, ""Wow, this stuff is awesome. Look at the wear on this."" ... At the 5 hour check-in it was barely worn off at all... but it did make my chin immediately like break out in these itchy, blotchy hives that didn’t really improve throughout the day."
Smashbox Studio Skin,Taylor Wynn,https://www.youtube.com/watch?v=yUgWkOz3sog,combination,yes,light,warm,0.5,mostly,13.5,not_mentioned,yes,not_mentioned,mixed,False,"For the foundation being on for almost 14 hours, it looks really good. I feel like this is one of the first foundations in a while that has pretty much totally controlled my oil... I think it oxidized a tad throughout the day... I'm not totally in love with this. I'm not in love with how it feels on my face. It feels very heavy."
Smashbox Studio Skin,Nikkia Joy,https://www.youtube.com/watch?v=gsoAudD-MaM,oily,unknown,light-medium,warm,2.35 light medium with a warm golden undertone,mostly,6,not_mentioned,not_mentioned,no,negative,False,my skin is looking absolutely terrible in this foundation ... it is caked and separated all around my mouth ... it looks so bad
Smashbox Studio Skin,Thrift Thick,https://www.youtube.com/watch?v=l9Y0ul7qy74,oily,yes,fair,neutral,at one point one skir (fair light neutral),no,10.5,not_mentioned,not_mentioned,not_mentioned,mixed,False,it promises shine control I don't for who like I don't understand maybe did this foundation say it was good for all skin types maybe it try and control for people who have dry skin but if you have oily skin like me I didn't find it to be oil controlling or shine controlling in the slightest also it transfers that's a huge huge carnage
Smashbox Studio Skin,Samantha Jane,https://www.youtube.com/watch?v=kvYCqtafhg0,oily,unknown,medium,unknown,3.1,mostly,10,not_mentioned,no,not_mentioned,positive,False,I'm very very happy with how this has performed and now that I have it powdered I think it looks really good didn't oxidize on my skin either
Smashbox Studio Skin,BiancaReneeToday,https://www.youtube.com/watch?v=J4eUkfarukY,oily,unknown,medium,warm,not explicitly stated but matched similar to L'Oreal Infallible shade,yes,9.5,not_mentioned,no,yes,positive,False,After nine and a half hours my skin looks really really good and I think this definitely deserves a spot in at least my top three favorite high-end foundations.
Smashbox Studio Skin,Ivory Cherry,https://www.youtube.com/watch?v=gdwAL6nIhOE,oily,yes,unknown,unknown,3.02,mostly,9,not_mentioned,no,not_mentioned,positive,False,so far I'm really liking this foundation I think it's very compatible with people with oily skin
Tarte Shape Tape,Thrift Thick,https://www.youtube.com/watch?v=2zVEzeaTTKs,oily,yes,fair,neutral,16n Fair light neutral,no,7,not_mentioned,no,not_mentioned,mixed,False,the foundation looks real rough around my mouth it just has gathered it has caked has separated really badly
Tarte Shape Tape,All Beauty By Sarah,https://www.youtube.com/watch?v=R5e0BN9cbtQ,combination,unknown,medium,golden,35G medium golden,mostly,9,not_mentioned,no,yes,positive,False,It stayed put it stayed looking beautiful even after a hit and strength workout I mean I was sweating a lot and this held up and it does not look like it broke up
Tarte Shape Tape,Zabrena ,https://www.youtube.com/watch?v=GTaYVcr5ufA,oily,unknown,fair,neutral,12B Fair Beige,no,12,not_mentioned,no,no,negative,False,it's just gross it's it's been 12 hours at this point I've been wearing this Foundation all day and it looks just plain nasty ... it really broke apart all over my face ... I do not recommend this Foundation to you no this is horrible horrible
Tarte Shape Tape,ThatsSoYin,https://www.youtube.com/watch?v=-Ar4cLm9750,normal,unknown,light,yellow,Light Medium Sand,mostly,,not_mentioned,no,yes,positive,False,at the end of the day i had more of a demi matte finish... it doesn't feel heavy at all and i think that throughout the day it was just so consistent... the face tape is my favorite out of all the other foundations
Tarte Shape Tape,Vanessa Lopez,https://www.youtube.com/watch?v=bx2Yiouuzlk,oily,yes,fair,warm,12s fair sand,mostly,9,not_mentioned,no,not_mentioned,positive,False,The foundation looks frickin flawless we are four hours in ... nothing is fading I don't feel like I'm getting really oily ... everything is looking really good so far ... it is now the end of the night and I am ready to give you guys this final check-in it is now 8:24 p.m. so I've had this foundation on for a l
Tarte Shape Tape,KWKosta,https://www.youtube.com/watch?v=XdjNQDjHzaU,oily,yes,fair,neutral,fair light neutral,no,10,not_mentioned,no,no,negative,False,for this to look like this after 10 hours I'm not impressed I'm not impressed at all
Too Faced Born This Way,Nikkia Joy,https://www.youtube.com/watch?v=AD6pawKOXZg,oily,unknown,medium,unknown,golden,no,6.5,not_mentioned,no,not_mentioned,mixed,False,this is going to be a short wear foundation so something that I can pop on you know when I want to look really beautiful and dewy as opposed to something that I could chuck on in the morning and leave all day long without having to touch up
Too Faced Born This Way,Thrift Thick,https://www.youtube.com/watch?v=dYz2lwSIsbE,oily,unknown,light,neutral,vanilla and cloud,yes,,not_mentioned,yes,no,negative,False,i have not felt oily at all today ... however i'm pretty sure that's all i can think of when it comes to the pros
Too Faced Born This Way,Mufidah Mukhtar,https://www.youtube.com/watch?v=kbTjIZURtBg,oily,unknown,medium,unknown,Chestnut,mostly,12,not_mentioned,no,not_mentioned,positive,False,"it's been really really hot today so this is the nose mask i was using and as you can see, just the nose portion got smudged and just a little bit around my mustache area and then my lips but not much of the foundation has climbed onto the nose mask i'm really really impressed"
Too Faced Born This Way,Tammi Clarke,https://www.youtube.com/watch?v=kdMn2LJOGvY,oily,not_mentioned,medium,warm red (not perfect),maple (with a bit of warm sand mixed),mostly,7,not_mentioned,no,not_mentioned,positive,True,"""Honestly I'm not mad at this foundation for the amount of time I've had it on... It's been like six how many hours have been 11:30 basically seven hours of wear and this is how we're looking it hasn't separated it hasn't gone all weird it still looks pretty fine"""
Too Faced Born This Way,Kirsty Lo,https://www.youtube.com/watch?v=BAinjwGaoT8,oily,unknown,light to medium,neutral to warm olive,"TWW2 Ratan for Double Wear, Warm Nude for Too Faced",mostly,10,not_mentioned,no,yes,positive,False,This Too Faced Born This Way Matt Foundation is probably one of the best foundations that I've ever used it's super long lasting and it controlled my oils all day
Too Faced Born This Way,Magdaline Janet,https://www.youtube.com/watch?v=edskQpTd8C8,oily,unknown,medium,neutral,warm beige,mostly,12,not_mentioned,no,not_mentioned,positive,False,it looks good for it being all day long... I do think their products are still very very solid
elf Flawless Satin,Nikkia Joy,https://www.youtube.com/watch?v=e5hhh68cfi0,oily,unknown,medium,unknown,sand,no,12,not_mentioned,not_mentioned,not_mentioned,mixed,False,"""I'm very oily through my t-zone and kind of to the point where the makeup is shifting around moving around and kind of it's starting to separate... but surprisingly this actually hasn't progressed any further"""
elf Flawless Satin,Foundation Lady,https://www.youtube.com/watch?v=jUJJu14rBes,slightly dry,unknown,unknown,unknown,mix of 120 Pearl and 220 Beige,mostly,10,not_mentioned,yes,not_mentioned,positive,False,"Throughout the day, as I caught glimpses of my skin in the mirror, it looked better and better."
elf Flawless Satin,SilviaMBeauty,https://www.youtube.com/watch?v=5O0n8tP1PH8,oily,yes,unknown,unknown,Sand,mostly,12,not_mentioned,not_mentioned,no,mixed,False,I do feel like that the foundation did keep me matte throughout the day but I haven't touched up at all my face still doesn't look like super oily or greasy
elf Flawless Satin,Drea CN,https://www.youtube.com/watch?v=vnN4WUui0dk,oily,no,unknown,unknown,Sand Beige,mostly,9,not_mentioned,no,not_mentioned,positive,False,I'm so happy that this was a good wear test that it ended up being a great product so I'm very happy with this product
elf Flawless Satin,Stephanie Holiday,https://www.youtube.com/watch?v=SntZxiz9Fig,oily,not_mentioned,unknown,unknown,not_mentioned,no,10,not_mentioned,not_mentioned,no,mixed,False,"Only because after about 6 7 hours, it did start to crack and just crease. And is that horrible? No, not really, but there are better foundations out there."
elf Flawless Satin,Adrika,https://www.youtube.com/watch?v=kOupKmy6a8U,combination to oily,yes,unknown,unknown,sand,no,8,not_mentioned,not_mentioned,not_mentioned,mixed,False,I think it's geared more towards drier skin types and be normal to combination to dry not so much towards oily skin although I do think it really did work out for me
